client_reference,full_customer_name,contact_email,transaction_ref,item_reference,transaction_date,amount_paid,payment_status,delivery_status,customer_segment,region,product_line,quantity_ordered,unit_cost,total_value,discount_applied,shipping_fee,tax_amount,notes_comments,last_modified_timestamp
CLI_0404,Jane Doe,reconcile1@test.com,TXN_00865,ITM_159,10/28/2023,168.84,PENDING,IN_TRANSIT,STANDARD,EAST,BOOKS,10,223.96,771.53,36.64,17.15,30.76,,2023-02-12T18:30:00.000Z
CLI_0295,John Smith,reconcile2@test.com,TXN_00146,ITM_160,12/13/2023,338.62,FAILED,IN_TRANSIT,VIP,EAST,ELECTRONICS,8,109.10,843.79,31.78,26.34,33.27,,2023-10-22T18:30:00.000Z
CLI_0012,Bob Wilson,reconcile3@test.com,TXN_00175,ITM_004,10/9/2023,756.51,FAILED,IN_TRANSIT,PREMIUM,SOUTH,FASHION,5,86.28,509.81,40.80,6.38,18.40,,2023-03-19T18:30:00.000Z
CLI_0049,Bob Wilson,reconcile4@test.com,TXN_00146,ITM_048,7/25/2023,886.05,FAILED,PENDING,STANDARD,EAST,BOOKS,10,107.95,556.04,81.54,10.96,9.19,,2023-09-27T18:30:00.000Z
CLI_0267,John Smith,reconcile5@test.com,TXN_00245,ITM_009,3/16/2023,489.60,PENDING,IN_TRANSIT,VIP,NORTH,ELECTRONICS,8,231.53,308.35,89.58,23.53,62.68,,2023-02-17T18:30:00.000Z
CLI_0423,Jane Doe,reconcile6@test.com,TXN_00583,ITM_003,4/15/2023,277.76,FAILED,IN_TRANSIT,PREMIUM,WEST,FASHION,8,10.44,747.61,40.88,19.31,29.59,Additional processing required,2023-11-19T18:30:00.000Z
CLI_0361,Bob Wilson,reconcile7@test.com,TXN_00322,ITM_152,1/19/2023,84.72,FAILED,IN_TRANSIT,STANDARD,WEST,HOME,4,241.56,670.85,59.96,5.99,20.40,,2023-11-15T18:30:00.000Z
CLI_0159,John Smith,reconcile8@test.com,TXN_00361,ITM_046,1/27/2023,254.60,FAILED,IN_TRANSIT,PREMIUM,SOUTH,ELECTRONICS,10,213.09,597.39,65.81,7.22,21.75,,2023-08-06T18:30:00.000Z
CLI_0151,John Smith,reconcile9@test.com,TXN_00447,ITM_137,9/7/2023,117.61,FAILED,PENDING,VIP,NORTH,HOME,4,262.26,406.30,79.19,27.89,50.26,Additional processing required,2023-05-31T18:30:00.000Z
CLI_0155,Jane Doe,reconcile10@test.com,TXN_00516,ITM_029,9/13/2023,1030.34,PENDING,PENDING,STANDARD,WEST,BOOKS,7,113.85,722.56,48.84,15.68,22.88,Additional processing required,2023-07-10T18:30:00.000Z
CLI_0416,Jane Doe,reconcile11@test.com,TXN_00481,ITM_016,8/28/2023,709.74,PENDING,DELIVERED,VIP,NORTH,FASHION,4,43.84,699.74,73.64,21.04,49.43,,2023-09-08T18:30:00.000Z
CLI_0217,Alice Johnson,reconcile12@test.com,TXN_00834,ITM_118,5/14/2023,109.70,FAILED,IN_TRANSIT,STANDARD,WEST,FASHION,7,106.92,293.96,69.84,24.19,23.55,Additional processing required,2023-05-03T18:30:00.000Z
CLI_0437,Bob Wilson,reconcile13@test.com,TXN_00108,ITM_036,9/1/2023,923.85,FAILED,IN_TRANSIT,VIP,NORTH,HOME,8,226.27,819.75,38.21,23.07,6.49,,2023-03-18T18:30:00.000Z
CLI_0053,Alice Johnson,reconcile14@test.com,TXN_00446,ITM_111,2/4/2023,392.49,COMPLETED,IN_TRANSIT,STANDARD,SOUTH,BOOKS,1,97.54,745.40,14.53,14.11,52.45,,2023-03-25T18:30:00.000Z
CLI_0252,Alice Johnson,reconcile15@test.com,TXN_00420,ITM_094,6/2/2023,145.98,FAILED,IN_TRANSIT,VIP,NORTH,BOOKS,10,211.97,844.14,16.50,16.97,64.28,,2023-01-02T18:30:00.000Z
CLI_0479,John Smith,reconcile16@test.com,TXN_00341,ITM_011,8/17/2023,629.95,FAILED,DELIVERED,STANDARD,EAST,HOME,9,147.91,894.15,55.60,20.91,33.37,Additional processing required,2023-07-03T18:30:00.000Z
CLI_0039,Jane Doe,reconcile17@test.com,TXN_00914,ITM_200,2/20/2023,197.79,FAILED,IN_TRANSIT,VIP,WEST,BOOKS,8,222.02,610.26,29.98,14.00,44.82,,2023-02-17T18:30:00.000Z
CLI_0311,Jane Doe,reconcile18@test.com,TXN_00089,ITM_091,2/18/2023,775.97,PENDING,IN_TRANSIT,VIP,NORTH,ELECTRONICS,2,200.66,815.16,71.89,29.46,44.12,,2023-01-04T18:30:00.000Z
CLI_0311,John Smith,reconcile19@test.com,TXN_00504,ITM_109,10/10/2023,64.89,COMPLETED,IN_TRANSIT,VIP,NORTH,HOME,2,156.78,291.51,22.51,12.64,43.24,,2023-03-15T18:30:00.000Z
CLI_0205,Jane Doe,reconcile20@test.com,TXN_00294,ITM_148,4/28/2023,834.22,COMPLETED,IN_TRANSIT,STANDARD,NORTH,ELECTRONICS,7,178.70,876.56,45.29,17.16,61.93,Additional processing required,2023-04-10T18:30:00.000Z
CLI_0044,Bob Wilson,reconcile21@test.com,TXN_00260,ITM_018,6/3/2023,266.39,FAILED,DELIVERED,STANDARD,EAST,HOME,7,153.31,477.39,94.90,18.33,29.13,,2023-04-23T18:30:00.000Z
CLI_0116,John Smith,reconcile22@test.com,TXN_00724,ITM_159,9/11/2023,816.38,COMPLETED,IN_TRANSIT,STANDARD,SOUTH,HOME,4,18.55,763.92,0.20,11.67,24.88,Additional processing required,2023-12-24T18:30:00.000Z
CLI_0194,Jane Doe,reconcile23@test.com,TXN_00722,ITM_132,9/23/2023,590.14,FAILED,IN_TRANSIT,VIP,EAST,ELECTRONICS,5,20.88,486.74,71.29,7.24,9.00,,2023-03-06T18:30:00.000Z
CLI_0207,Jane Doe,reconcile24@test.com,TXN_00771,ITM_053,5/18/2023,493.82,FAILED,IN_TRANSIT,VIP,SOUTH,ELECTRONICS,10,133.48,374.26,13.30,23.63,60.91,,2023-03-27T18:30:00.000Z
CLI_0295,Jane Doe,reconcile25@test.com,TXN_00093,ITM_147,11/15/2023,203.03,PENDING,IN_TRANSIT,VIP,SOUTH,BOOKS,9,53.63,889.77,59.31,6.28,57.89,,2023-06-01T18:30:00.000Z
CLI_0291,Bob Wilson,reconcile26@test.com,TXN_00687,ITM_072,1/18/2023,900.54,COMPLETED,IN_TRANSIT,STANDARD,EAST,ELECTRONICS,7,166.90,425.79,44.37,20.52,54.49,,2023-10-09T18:30:00.000Z
CLI_0017,Bob Wilson,reconcile27@test.com,TXN_00353,ITM_100,5/26/2023,200.34,COMPLETED,PENDING,STANDARD,SOUTH,BOOKS,9,280.06,798.76,11.29,22.03,31.22,Additional processing required,2023-04-08T18:30:00.000Z
CLI_0009,Bob Wilson,reconcile28@test.com,TXN_00585,ITM_079,9/19/2023,218.08,COMPLETED,PENDING,PREMIUM,EAST,ELECTRONICS,5,64.26,237.41,32.49,16.72,36.47,,2023-03-19T18:30:00.000Z
CLI_0207,John Smith,reconcile29@test.com,TXN_00817,ITM_046,8/28/2023,115.95,COMPLETED,PENDING,STANDARD,NORTH,HOME,9,22.30,623.11,96.68,7.92,49.41,,2023-09-30T18:30:00.000Z
CLI_0445,Alice Johnson,reconcile30@test.com,TXN_00016,ITM_050,8/21/2023,258.33,FAILED,PENDING,PREMIUM,SOUTH,ELECTRONICS,7,115.76,686.00,99.81,8.30,45.56,,2023-04-01T18:30:00.000Z
CLI_0148,Jane Doe,reconcile31@test.com,TXN_00510,ITM_005,4/8/2023,769.69,COMPLETED,DELIVERED,STANDARD,SOUTH,HOME,4,191.11,433.47,84.98,8.89,11.66,,2023-04-21T18:30:00.000Z
CLI_0331,Jane Doe,reconcile32@test.com,TXN_00781,ITM_163,12/26/2023,944.11,FAILED,DELIVERED,PREMIUM,SOUTH,BOOKS,8,71.77,552.92,2.25,19.95,22.03,,2023-03-04T18:30:00.000Z
CLI_0331,Alice Johnson,reconcile33@test.com,TXN_00322,ITM_178,7/7/2023,102.88,PENDING,IN_TRANSIT,STANDARD,NORTH,BOOKS,5,13.24,525.34,15.38,7.95,24.88,,2023-07-18T18:30:00.000Z
CLI_0139,Bob Wilson,reconcile34@test.com,TXN_00192,ITM_089,6/5/2023,387.39,COMPLETED,PENDING,VIP,SOUTH,BOOKS,4,241.81,259.12,48.16,23.11,46.06,,2023-08-26T18:30:00.000Z
CLI_0081,Bob Wilson,reconcile35@test.com,TXN_00289,ITM_185,3/18/2023,593.64,PENDING,IN_TRANSIT,STANDARD,NORTH,HOME,6,224.99,496.91,3.99,25.91,34.04,Additional processing required,2023-06-14T18:30:00.000Z
CLI_0343,Alice Johnson,reconcile36@test.com,TXN_00165,ITM_012,8/19/2023,846.84,FAILED,PENDING,PREMIUM,EAST,HOME,8,95.08,864.54,54.73,15.49,44.84,Additional processing required,2023-06-06T18:30:00.000Z
CLI_0446,Alice Johnson,reconcile37@test.com,TXN_00333,ITM_031,8/26/2023,231.20,PENDING,DELIVERED,PREMIUM,SOUTH,BOOKS,5,56.45,708.29,70.55,11.71,61.52,,2023-07-03T18:30:00.000Z
CLI_0226,John Smith,reconcile38@test.com,TXN_00072,ITM_075,6/15/2023,860.94,COMPLETED,DELIVERED,PREMIUM,WEST,ELECTRONICS,5,176.45,217.44,46.98,26.55,32.38,,2023-07-06T18:30:00.000Z
CLI_0216,Alice Johnson,reconcile39@test.com,TXN_00441,ITM_137,3/15/2023,132.19,PENDING,PENDING,PREMIUM,WEST,BOOKS,4,211.30,819.78,36.72,7.71,8.88,,2023-11-08T18:30:00.000Z
CLI_0207,Bob Wilson,reconcile40@test.com,TXN_00423,ITM_037,11/23/2023,1047.03,FAILED,IN_TRANSIT,PREMIUM,NORTH,ELECTRONICS,10,271.35,489.46,86.04,28.65,44.41,Additional processing required,2023-10-15T18:30:00.000Z
CLI_0389,Jane Doe,reconcile41@test.com,TXN_00410,ITM_008,1/7/2023,721.30,COMPLETED,IN_TRANSIT,STANDARD,EAST,HOME,7,31.02,796.04,74.61,26.58,14.84,,2023-10-21T18:30:00.000Z
CLI_0389,Alice Johnson,reconcile42@test.com,TXN_00180,ITM_053,3/2/2023,365.43,FAILED,PENDING,STANDARD,NORTH,FASHION,3,282.88,144.63,24.00,25.87,48.46,,2023-09-07T18:30:00.000Z
CLI_0116,John Smith,reconcile43@test.com,TXN_00528,ITM_131,6/1/2023,994.45,PENDING,DELIVERED,VIP,NORTH,ELECTRONICS,1,165.75,376.97,99.57,18.05,45.76,,2023-08-07T18:30:00.000Z
CLI_0447,Jane Doe,reconcile44@test.com,TXN_00395,ITM_155,3/19/2023,152.08,COMPLETED,IN_TRANSIT,VIP,EAST,HOME,3,48.05,347.73,27.58,24.57,33.21,,2023-01-05T18:30:00.000Z
CLI_0089,Alice Johnson,reconcile45@test.com,TXN_00258,ITM_191,10/15/2023,727.21,COMPLETED,IN_TRANSIT,PREMIUM,EAST,FASHION,9,182.87,433.52,59.44,27.51,25.75,,2023-07-06T18:30:00.000Z
CLI_0140,Alice Johnson,reconcile46@test.com,TXN_00171,ITM_043,5/22/2023,660.33,COMPLETED,IN_TRANSIT,VIP,EAST,BOOKS,1,142.89,768.82,71.29,17.33,43.68,,2023-02-16T18:30:00.000Z
CLI_0062,Bob Wilson,reconcile47@test.com,TXN_00172,ITM_029,8/7/2023,467.55,FAILED,PENDING,VIP,NORTH,HOME,10,278.43,639.81,11.91,9.37,36.65,,2023-01-25T18:30:00.000Z
CLI_0308,Jane Doe,reconcile48@test.com,TXN_00438,ITM_070,7/26/2023,876.56,FAILED,PENDING,VIP,EAST,FASHION,3,137.45,645.88,25.81,20.22,34.60,,2023-12-26T18:30:00.000Z
CLI_0316,Bob Wilson,reconcile49@test.com,TXN_00487,ITM_062,8/20/2023,988.05,FAILED,PENDING,VIP,NORTH,BOOKS,2,190.20,473.91,48.66,25.90,44.11,Additional processing required,2023-11-01T18:30:00.000Z
CLI_0054,Bob Wilson,reconcile50@test.com,TXN_00971,ITM_148,7/20/2023,992.62,FAILED,PENDING,VIP,WEST,FASHION,9,168.64,505.46,8.41,8.93,39.93,,2023-03-20T18:30:00.000Z
CLI_0200,Bob Wilson,reconcile51@test.com,TXN_00641,ITM_125,3/14/2023,828.57,PENDING,PENDING,STANDARD,SOUTH,BOOKS,3,263.03,551.03,51.56,24.25,31.34,,2023-02-10T18:30:00.000Z
CLI_0007,John Smith,reconcile52@test.com,TXN_00931,ITM_045,4/3/2023,101.92,COMPLETED,DELIVERED,PREMIUM,SOUTH,ELECTRONICS,8,102.53,569.64,73.34,5.50,24.83,Additional processing required,2023-09-05T18:30:00.000Z
CLI_0134,Alice Johnson,reconcile53@test.com,TXN_00957,ITM_179,7/21/2023,1016.57,COMPLETED,PENDING,STANDARD,EAST,ELECTRONICS,2,47.39,595.62,93.66,24.17,33.79,,2023-11-22T18:30:00.000Z
CLI_0081,Bob Wilson,reconcile54@test.com,TXN_00364,ITM_126,8/21/2023,373.20,COMPLETED,DELIVERED,VIP,SOUTH,HOME,1,80.78,287.18,11.64,26.49,32.87,Additional processing required,2023-12-07T18:30:00.000Z
CLI_0277,Alice Johnson,reconcile55@test.com,TXN_00905,ITM_016,5/6/2023,288.33,COMPLETED,PENDING,PREMIUM,EAST,ELECTRONICS,9,190.28,422.37,16.43,13.79,24.41,,2023-03-11T18:30:00.000Z
CLI_0473,Alice Johnson,reconcile56@test.com,TXN_00267,ITM_142,12/24/2023,84.44,COMPLETED,IN_TRANSIT,STANDARD,NORTH,BOOKS,10,220.28,657.31,89.37,8.25,57.01,Additional processing required,2023-04-03T18:30:00.000Z
CLI_0212,Alice Johnson,reconcile57@test.com,TXN_00970,ITM_133,3/11/2023,730.45,COMPLETED,PENDING,VIP,WEST,FASHION,7,228.35,681.40,57.99,24.27,16.64,Additional processing required,2023-04-12T18:30:00.000Z
CLI_0235,John Smith,reconcile58@test.com,TXN_00138,ITM_117,1/3/2023,762.07,FAILED,IN_TRANSIT,STANDARD,WEST,ELECTRONICS,7,181.02,166.14,93.83,7.53,48.51,Additional processing required,2023-04-18T18:30:00.000Z
CLI_0337,Alice Johnson,reconcile59@test.com,TXN_00698,ITM_055,6/2/2023,290.24,FAILED,DELIVERED,PREMIUM,SOUTH,ELECTRONICS,6,269.17,241.71,45.42,24.41,47.98,Additional processing required,2023-01-31T18:30:00.000Z
CLI_0205,Alice Johnson,reconcile60@test.com,TXN_00825,ITM_043,7/9/2023,683.34,FAILED,DELIVERED,VIP,EAST,BOOKS,5,202.56,110.03,2.59,14.88,21.00,Additional processing required,2023-04-25T18:30:00.000Z
CLI_0425,Alice Johnson,reconcile61@test.com,TXN_00332,ITM_140,9/10/2023,922.57,COMPLETED,DELIVERED,STANDARD,EAST,HOME,8,16.38,175.20,84.88,28.77,17.41,Additional processing required,2023-11-26T18:30:00.000Z
CLI_0229,Alice Johnson,reconcile62@test.com,TXN_00339,ITM_126,8/20/2023,354.57,COMPLETED,IN_TRANSIT,PREMIUM,EAST,FASHION,2,147.61,373.64,93.43,20.13,18.53,Additional processing required,2023-01-13T18:30:00.000Z
CLI_0302,Jane Doe,reconcile63@test.com,TXN_00163,ITM_191,3/11/2023,436.11,FAILED,IN_TRANSIT,STANDARD,EAST,BOOKS,4,16.05,389.08,62.45,18.22,28.01,,2023-08-14T18:30:00.000Z
CLI_0372,Alice Johnson,reconcile64@test.com,TXN_00076,ITM_035,11/6/2023,928.22,COMPLETED,PENDING,VIP,SOUTH,FASHION,4,200.80,736.43,35.90,27.26,16.02,,2023-02-17T18:30:00.000Z
CLI_0292,John Smith,reconcile65@test.com,TXN_00141,ITM_168,11/24/2023,847.52,FAILED,PENDING,VIP,NORTH,FASHION,6,256.41,358.51,40.48,13.69,42.69,Additional processing required,2023-11-18T18:30:00.000Z
CLI_0112,Bob Wilson,reconcile66@test.com,TXN_00876,ITM_186,1/12/2023,762.17,FAILED,DELIVERED,PREMIUM,NORTH,FASHION,3,46.22,675.87,24.18,18.50,62.31,Additional processing required,2023-02-28T18:30:00.000Z
CLI_0374,John Smith,reconcile67@test.com,TXN_00415,ITM_116,5/23/2023,166.80,FAILED,DELIVERED,PREMIUM,EAST,FASHION,2,263.01,253.72,54.28,27.34,16.32,Additional processing required,2023-07-26T18:30:00.000Z
CLI_0356,John Smith,reconcile68@test.com,TXN_00728,ITM_167,6/17/2023,800.30,COMPLETED,DELIVERED,STANDARD,SOUTH,ELECTRONICS,3,109.03,606.74,10.68,17.73,57.93,,2023-09-23T18:30:00.000Z
CLI_0029,John Smith,reconcile69@test.com,TXN_00092,ITM_070,12/6/2023,648.17,COMPLETED,DELIVERED,PREMIUM,NORTH,ELECTRONICS,4,128.22,172.78,97.16,27.50,43.05,Additional processing required,2023-03-14T18:30:00.000Z
CLI_0145,Jane Doe,reconcile70@test.com,TXN_00743,ITM_030,2/19/2023,70.35,FAILED,DELIVERED,PREMIUM,NORTH,ELECTRONICS,3,278.97,496.61,91.99,16.01,8.97,Additional processing required,2023-07-31T18:30:00.000Z
CLI_0390,Bob Wilson,reconcile71@test.com,TXN_00228,ITM_146,11/8/2023,282.33,FAILED,DELIVERED,VIP,WEST,ELECTRONICS,4,181.59,631.45,68.52,12.78,5.70,Additional processing required,2023-12-07T18:30:00.000Z
CLI_0182,Jane Doe,reconcile72@test.com,TXN_00463,ITM_066,3/18/2023,987.99,PENDING,IN_TRANSIT,PREMIUM,SOUTH,ELECTRONICS,1,265.20,381.52,97.29,24.77,7.82,,2023-05-05T18:30:00.000Z
CLI_0203,Bob Wilson,reconcile73@test.com,TXN_00675,ITM_030,2/21/2023,681.64,COMPLETED,DELIVERED,PREMIUM,NORTH,FASHION,2,159.99,704.80,63.26,17.95,57.19,,2023-03-18T18:30:00.000Z
CLI_0076,Alice Johnson,reconcile74@test.com,TXN_00281,ITM_004,4/16/2023,748.54,PENDING,PENDING,PREMIUM,WEST,FASHION,4,126.08,322.08,60.57,28.47,29.17,,2023-11-02T18:30:00.000Z
CLI_0294,Jane Doe,reconcile75@test.com,TXN_00107,ITM_157,12/18/2023,414.85,COMPLETED,PENDING,VIP,WEST,FASHION,3,205.62,379.68,34.96,28.39,26.54,Additional processing required,2023-09-25T18:30:00.000Z
CLI_0374,John Smith,reconcile76@test.com,TXN_00214,ITM_129,5/11/2023,946.72,FAILED,IN_TRANSIT,PREMIUM,SOUTH,FASHION,9,210.25,126.68,67.14,25.80,32.80,,2023-12-10T18:30:00.000Z
CLI_0133,Bob Wilson,reconcile77@test.com,TXN_00145,ITM_159,1/6/2023,908.67,COMPLETED,PENDING,VIP,NORTH,HOME,10,256.69,575.92,84.64,24.43,33.70,,2023-08-02T18:30:00.000Z
CLI_0485,Alice Johnson,reconcile78@test.com,TXN_00102,ITM_177,8/15/2023,627.90,COMPLETED,IN_TRANSIT,PREMIUM,SOUTH,ELECTRONICS,1,31.57,355.41,29.03,13.90,48.48,,2023-08-22T18:30:00.000Z
CLI_0429,Bob Wilson,reconcile79@test.com,TXN_00687,ITM_085,2/24/2023,187.32,PENDING,DELIVERED,VIP,EAST,ELECTRONICS,8,234.35,234.34,78.27,18.96,64.35,,2023-08-24T18:30:00.000Z
CLI_0450,Bob Wilson,reconcile80@test.com,TXN_00830,ITM_101,9/5/2023,415.20,PENDING,PENDING,PREMIUM,NORTH,ELECTRONICS,7,157.80,519.55,29.30,7.30,34.86,Additional processing required,2023-12-15T18:30:00.000Z
CLI_0464,Bob Wilson,reconcile81@test.com,TXN_00812,ITM_091,11/8/2023,305.57,FAILED,DELIVERED,STANDARD,WEST,HOME,7,192.73,699.54,9.19,12.12,24.46,Additional processing required,2023-04-05T18:30:00.000Z
CLI_0304,Bob Wilson,reconcile82@test.com,TXN_00298,ITM_172,9/25/2023,929.32,PENDING,DELIVERED,STANDARD,EAST,HOME,9,60.12,109.59,30.91,11.70,31.45,,2023-12-17T18:30:00.000Z
CLI_0369,John Smith,reconcile83@test.com,TXN_00274,ITM_121,9/15/2023,783.24,FAILED,DELIVERED,STANDARD,SOUTH,FASHION,7,234.30,305.94,75.22,25.07,34.47,Additional processing required,2023-08-21T18:30:00.000Z
CLI_0021,John Smith,reconcile84@test.com,TXN_00963,ITM_028,2/27/2023,159.21,FAILED,PENDING,PREMIUM,SOUTH,BOOKS,3,123.06,814.32,72.19,15.17,41.00,,2023-12-19T18:30:00.000Z
CLI_0447,John Smith,reconcile85@test.com,TXN_00687,ITM_158,11/22/2023,363.39,FAILED,DELIVERED,VIP,EAST,BOOKS,4,296.16,503.00,91.28,7.35,11.63,,2023-05-26T18:30:00.000Z
CLI_0182,Alice Johnson,reconcile86@test.com,TXN_00287,ITM_050,8/4/2023,906.11,PENDING,DELIVERED,PREMIUM,SOUTH,HOME,5,60.09,490.83,11.29,5.49,43.73,,2023-09-17T18:30:00.000Z
CLI_0370,Bob Wilson,reconcile87@test.com,TXN_00904,ITM_004,8/9/2023,867.38,COMPLETED,PENDING,STANDARD,WEST,BOOKS,10,69.03,293.35,22.16,23.82,41.89,,2023-03-03T18:30:00.000Z
CLI_0399,Alice Johnson,reconcile88@test.com,TXN_00220,ITM_150,8/10/2023,118.53,COMPLETED,PENDING,STANDARD,SOUTH,ELECTRONICS,4,161.54,188.90,0.35,21.50,38.74,,2023-08-06T18:30:00.000Z
CLI_0014,Jane Doe,reconcile89@test.com,TXN_00515,ITM_075,6/3/2023,971.36,PENDING,DELIVERED,PREMIUM,SOUTH,BOOKS,1,114.76,618.86,89.66,24.18,31.90,Additional processing required,2023-10-10T18:30:00.000Z
CLI_0009,Jane Doe,reconcile90@test.com,TXN_00387,ITM_161,4/8/2023,261.02,PENDING,IN_TRANSIT,STANDARD,EAST,ELECTRONICS,9,113.26,205.65,33.99,29.43,20.21,Additional processing required,2023-10-01T18:30:00.000Z
CLI_0278,John Smith,reconcile91@test.com,TXN_00999,ITM_138,8/2/2023,491.45,FAILED,DELIVERED,PREMIUM,EAST,FASHION,10,249.47,515.02,62.70,11.22,14.52,,2023-03-05T18:30:00.000Z
CLI_0105,John Smith,reconcile92@test.com,TXN_00901,ITM_006,10/22/2023,115.03,FAILED,PENDING,PREMIUM,SOUTH,BOOKS,5,98.26,582.29,29.08,25.48,43.83,Additional processing required,2023-11-23T18:30:00.000Z
CLI_0211,John Smith,reconcile93@test.com,TXN_00722,ITM_138,7/18/2023,490.61,FAILED,PENDING,VIP,SOUTH,HOME,3,55.23,252.94,90.34,25.67,53.59,,2023-01-27T18:30:00.000Z
CLI_0337,Alice Johnson,reconcile94@test.com,TXN_00438,ITM_058,11/24/2023,862.73,COMPLETED,DELIVERED,VIP,SOUTH,FASHION,10,264.43,527.35,13.26,26.67,23.93,Additional processing required,2023-01-19T18:30:00.000Z
CLI_0072,Alice Johnson,reconcile95@test.com,TXN_00277,ITM_045,2/4/2023,730.33,FAILED,DELIVERED,VIP,WEST,FASHION,9,286.22,635.25,68.13,15.39,12.91,,2023-05-15T18:30:00.000Z
CLI_0065,Bob Wilson,reconcile96@test.com,TXN_00139,ITM_041,5/25/2023,646.26,PENDING,IN_TRANSIT,PREMIUM,SOUTH,BOOKS,5,17.58,424.06,46.44,18.08,9.38,,2023-09-01T18:30:00.000Z
CLI_0183,Bob Wilson,reconcile97@test.com,TXN_00660,ITM_101,1/22/2023,326.64,COMPLETED,IN_TRANSIT,STANDARD,WEST,FASHION,5,243.51,384.23,63.04,16.68,42.46,,2023-06-17T18:30:00.000Z
CLI_0330,Jane Doe,reconcile98@test.com,TXN_00567,ITM_018,7/4/2023,300.14,PENDING,PENDING,VIP,WEST,BOOKS,7,54.37,299.53,81.54,18.03,58.33,,2023-10-04T18:30:00.000Z
CLI_0379,Bob Wilson,reconcile99@test.com,TXN_00087,ITM_030,6/18/2023,160.87,PENDING,PENDING,VIP,SOUTH,BOOKS,2,248.03,120.78,50.69,6.79,28.33,,2023-11-14T18:30:00.000Z
CLI_0245,Jane Doe,reconcile100@test.com,TXN_00519,ITM_096,1/18/2023,185.50,PENDING,IN_TRANSIT,PREMIUM,SOUTH,FASHION,4,140.23,131.38,64.08,7.69,20.67,,2023-09-22T18:30:00.000Z
CLI_0327,John Smith,reconcile101@test.com,TXN_00495,ITM_023,1/17/2023,429.95,COMPLETED,PENDING,VIP,SOUTH,BOOKS,8,168.65,174.55,45.19,15.83,35.27,,2023-12-06T18:30:00.000Z
CLI_0347,Alice Johnson,reconcile102@test.com,TXN_00159,ITM_118,10/8/2023,756.26,COMPLETED,PENDING,VIP,SOUTH,FASHION,5,104.26,462.63,20.30,24.18,33.66,,2023-10-17T18:30:00.000Z
CLI_0498,Alice Johnson,reconcile103@test.com,TXN_00054,ITM_042,4/6/2023,215.48,PENDING,PENDING,PREMIUM,EAST,ELECTRONICS,2,199.19,459.12,12.08,16.87,31.71,,2023-12-25T18:30:00.000Z
CLI_0258,John Smith,reconcile104@test.com,TXN_00727,ITM_099,8/24/2023,284.48,PENDING,PENDING,VIP,WEST,BOOKS,10,172.07,669.17,2.45,7.30,44.22,,2023-12-27T18:30:00.000Z
CLI_0116,John Smith,reconcile105@test.com,TXN_00945,ITM_144,2/26/2023,626.62,FAILED,PENDING,VIP,EAST,FASHION,5,66.08,271.14,68.64,12.67,16.69,Additional processing required,2023-03-17T18:30:00.000Z
CLI_0016,Bob Wilson,reconcile106@test.com,TXN_00915,ITM_082,12/8/2023,481.79,COMPLETED,DELIVERED,STANDARD,WEST,ELECTRONICS,5,133.23,799.00,63.61,23.50,58.32,,2023-11-13T18:30:00.000Z
CLI_0171,Jane Doe,reconcile107@test.com,TXN_00951,ITM_043,12/16/2023,802.09,COMPLETED,DELIVERED,STANDARD,WEST,HOME,7,54.74,121.45,33.26,8.05,21.77,Additional processing required,2023-07-09T18:30:00.000Z
CLI_0174,Bob Wilson,reconcile108@test.com,TXN_00577,ITM_009,10/19/2023,627.11,PENDING,PENDING,VIP,EAST,BOOKS,6,215.70,676.77,17.69,28.04,61.20,Additional processing required,2023-01-26T18:30:00.000Z
CLI_0106,John Smith,reconcile109@test.com,TXN_00772,ITM_159,8/14/2023,838.50,PENDING,IN_TRANSIT,STANDARD,SOUTH,HOME,9,48.20,181.79,97.13,24.50,64.14,,2023-06-26T18:30:00.000Z
CLI_0005,Alice Johnson,reconcile110@test.com,TXN_00444,ITM_072,7/23/2023,595.66,COMPLETED,IN_TRANSIT,VIP,WEST,FASHION,2,220.67,792.82,18.17,18.57,57.16,,2023-10-12T18:30:00.000Z
CLI_0134,Bob Wilson,reconcile111@test.com,TXN_00986,ITM_024,6/24/2023,921.05,FAILED,IN_TRANSIT,PREMIUM,NORTH,FASHION,7,15.53,546.08,76.88,15.85,40.17,,2023-01-01T18:30:00.000Z
CLI_0025,Jane Doe,reconcile112@test.com,TXN_00357,ITM_073,8/14/2023,136.07,COMPLETED,IN_TRANSIT,PREMIUM,SOUTH,ELECTRONICS,1,28.40,648.94,92.51,9.24,11.26,Additional processing required,2023-01-01T18:30:00.000Z
CLI_0137,Alice Johnson,reconcile113@test.com,TXN_00206,ITM_018,12/25/2023,523.18,PENDING,IN_TRANSIT,PREMIUM,NORTH,FASHION,1,295.01,178.55,25.80,25.01,39.88,,2023-11-04T18:30:00.000Z
CLI_0220,John Smith,reconcile114@test.com,TXN_00312,ITM_075,11/10/2023,656.67,PENDING,DELIVERED,VIP,WEST,HOME,1,69.98,297.41,51.03,11.51,36.75,Additional processing required,2023-02-08T18:30:00.000Z
CLI_0385,Alice Johnson,reconcile115@test.com,TXN_00114,ITM_108,10/20/2023,476.97,FAILED,DELIVERED,VIP,SOUTH,BOOKS,5,215.18,554.57,76.08,18.75,13.51,,2023-12-23T18:30:00.000Z
CLI_0246,Alice Johnson,reconcile116@test.com,TXN_00216,ITM_042,11/1/2023,449.63,FAILED,PENDING,VIP,WEST,HOME,5,302.07,698.60,98.07,16.24,56.63,Additional processing required,2023-03-22T18:30:00.000Z
CLI_0209,Jane Doe,reconcile117@test.com,TXN_00227,ITM_015,9/21/2023,67.68,PENDING,IN_TRANSIT,STANDARD,EAST,ELECTRONICS,3,272.69,346.76,40.33,17.06,27.11,,2023-01-23T18:30:00.000Z
CLI_0226,Jane Doe,reconcile118@test.com,TXN_00114,ITM_010,9/9/2023,560.16,PENDING,PENDING,STANDARD,SOUTH,ELECTRONICS,6,292.29,258.66,89.58,15.31,48.68,,2023-12-01T18:30:00.000Z
CLI_0033,Alice Johnson,reconcile119@test.com,TXN_00707,ITM_126,4/14/2023,785.57,FAILED,IN_TRANSIT,STANDARD,EAST,ELECTRONICS,8,171.70,237.71,34.06,24.75,23.16,,2023-05-08T18:30:00.000Z
CLI_0333,Alice Johnson,reconcile120@test.com,TXN_00456,ITM_169,8/7/2023,786.89,COMPLETED,IN_TRANSIT,STANDARD,EAST,ELECTRONICS,6,304.16,873.05,12.67,23.15,63.44,Additional processing required,2023-04-13T18:30:00.000Z
CLI_0401,Jane Doe,reconcile121@test.com,TXN_00879,ITM_024,9/2/2023,677.83,PENDING,DELIVERED,VIP,NORTH,HOME,10,72.30,646.38,72.12,29.54,5.02,,2023-05-08T18:30:00.000Z
CLI_0057,John Smith,reconcile122@test.com,TXN_00853,ITM_126,4/11/2023,426.77,PENDING,DELIVERED,PREMIUM,SOUTH,BOOKS,4,177.76,134.17,23.71,16.74,46.04,Additional processing required,2023-01-07T18:30:00.000Z
CLI_0395,John Smith,reconcile123@test.com,TXN_00735,ITM_078,5/23/2023,215.85,COMPLETED,IN_TRANSIT,STANDARD,SOUTH,HOME,8,52.78,124.56,32.11,10.90,42.66,,2023-02-09T18:30:00.000Z
CLI_0452,Alice Johnson,reconcile124@test.com,TXN_00921,ITM_126,5/16/2023,189.80,PENDING,PENDING,VIP,NORTH,BOOKS,8,218.01,386.59,33.98,29.83,40.86,,2023-07-19T18:30:00.000Z
CLI_0147,Alice Johnson,reconcile125@test.com,TXN_00262,ITM_057,2/23/2023,417.29,FAILED,DELIVERED,STANDARD,NORTH,ELECTRONICS,4,190.75,175.65,45.11,14.59,54.82,,2023-08-31T18:30:00.000Z
CLI_0431,Bob Wilson,reconcile126@test.com,TXN_00390,ITM_189,7/3/2023,207.46,FAILED,DELIVERED,STANDARD,EAST,BOOKS,8,133.20,285.72,71.15,15.29,10.39,Additional processing required,2023-09-11T18:30:00.000Z
CLI_0221,John Smith,reconcile127@test.com,TXN_00339,ITM_075,3/19/2023,56.89,FAILED,IN_TRANSIT,VIP,SOUTH,FASHION,8,55.98,121.78,35.87,21.77,14.86,Additional processing required,2023-11-02T18:30:00.000Z
CLI_0146,Jane Doe,reconcile128@test.com,TXN_00890,ITM_152,1/16/2023,1021.55,PENDING,PENDING,STANDARD,EAST,HOME,10,220.74,424.98,57.44,7.62,20.10,,2023-01-18T18:30:00.000Z
CLI_0468,Alice Johnson,reconcile129@test.com,TXN_00726,ITM_060,6/7/2023,696.27,FAILED,DELIVERED,STANDARD,NORTH,FASHION,8,120.33,892.24,12.70,7.49,15.81,,2023-08-11T18:30:00.000Z
CLI_0098,John Smith,reconcile130@test.com,TXN_00187,ITM_042,1/21/2023,575.32,PENDING,PENDING,VIP,NORTH,ELECTRONICS,10,190.92,737.42,96.57,27.13,37.86,,2023-04-20T18:30:00.000Z
CLI_0252,John Smith,reconcile131@test.com,TXN_00446,ITM_098,2/15/2023,847.12,PENDING,PENDING,PREMIUM,NORTH,BOOKS,2,27.09,426.85,74.63,22.97,38.91,,2023-03-02T18:30:00.000Z
CLI_0203,Alice Johnson,reconcile132@test.com,TXN_00267,ITM_084,10/5/2023,420.45,PENDING,DELIVERED,STANDARD,EAST,ELECTRONICS,4,102.82,849.85,18.84,22.95,8.03,Additional processing required,2023-03-15T18:30:00.000Z
CLI_0410,John Smith,reconcile133@test.com,TXN_00858,ITM_155,11/1/2023,236.98,FAILED,DELIVERED,VIP,NORTH,FASHION,1,91.04,638.76,14.34,7.03,32.18,,2023-03-22T18:30:00.000Z
CLI_0413,John Smith,reconcile134@test.com,TXN_00006,ITM_168,5/13/2023,94.72,COMPLETED,DELIVERED,VIP,WEST,HOME,10,57.36,168.68,82.08,24.90,35.62,Additional processing required,2023-07-22T18:30:00.000Z
CLI_0414,John Smith,reconcile135@test.com,TXN_00559,ITM_050,9/2/2023,581.59,PENDING,PENDING,VIP,EAST,BOOKS,7,92.08,196.29,24.51,25.06,51.49,,2023-06-09T18:30:00.000Z
CLI_0449,Jane Doe,reconcile136@test.com,TXN_00820,ITM_170,11/20/2023,127.39,FAILED,PENDING,STANDARD,WEST,ELECTRONICS,10,116.33,742.21,18.88,19.89,33.50,,2023-06-02T18:30:00.000Z
CLI_0405,John Smith,reconcile137@test.com,TXN_00357,ITM_068,8/15/2023,158.52,FAILED,IN_TRANSIT,STANDARD,SOUTH,FASHION,4,236.97,229.72,55.44,22.75,34.48,Additional processing required,2023-03-23T18:30:00.000Z
CLI_0405,John Smith,reconcile138@test.com,TXN_00031,ITM_196,12/28/2023,237.74,FAILED,PENDING,VIP,EAST,HOME,2,112.59,493.42,68.58,17.23,63.27,,2023-04-30T18:30:00.000Z
CLI_0104,Bob Wilson,reconcile139@test.com,TXN_00441,ITM_074,12/14/2023,904.69,COMPLETED,IN_TRANSIT,VIP,NORTH,BOOKS,1,280.10,380.85,19.35,7.23,51.09,,2023-12-24T18:30:00.000Z
CLI_0172,Alice Johnson,reconcile140@test.com,TXN_00343,ITM_140,4/26/2023,789.65,FAILED,PENDING,VIP,NORTH,HOME,2,290.94,582.58,23.30,22.24,24.78,,2023-08-14T18:30:00.000Z
CLI_0443,Alice Johnson,reconcile141@test.com,TXN_00242,ITM_134,8/19/2023,223.89,COMPLETED,DELIVERED,VIP,EAST,BOOKS,5,255.51,379.53,89.56,11.26,15.36,Additional processing required,2023-07-15T18:30:00.000Z
CLI_0090,John Smith,reconcile142@test.com,TXN_00803,ITM_042,12/21/2023,176.24,COMPLETED,IN_TRANSIT,STANDARD,SOUTH,ELECTRONICS,3,208.80,229.05,22.79,13.36,7.30,,2023-04-18T18:30:00.000Z
CLI_0042,Jane Doe,reconcile143@test.com,TXN_00723,ITM_015,2/2/2023,997.13,COMPLETED,DELIVERED,PREMIUM,NORTH,ELECTRONICS,2,174.28,286.83,32.90,9.98,11.15,,2023-04-01T18:30:00.000Z
CLI_0386,John Smith,reconcile144@test.com,TXN_00999,ITM_175,8/6/2023,94.90,PENDING,DELIVERED,STANDARD,NORTH,ELECTRONICS,6,183.33,889.48,36.98,5.76,19.13,Additional processing required,2023-04-07T18:30:00.000Z
CLI_0162,John Smith,reconcile145@test.com,TXN_00007,ITM_146,1/3/2023,561.56,COMPLETED,PENDING,PREMIUM,WEST,BOOKS,1,23.56,129.11,84.48,21.60,64.41,,2023-09-09T18:30:00.000Z
CLI_0053,Jane Doe,reconcile146@test.com,TXN_00282,ITM_037,6/25/2023,963.21,PENDING,IN_TRANSIT,VIP,WEST,BOOKS,6,154.07,480.49,81.27,11.77,40.24,Additional processing required,2023-02-28T18:30:00.000Z
CLI_0310,Bob Wilson,reconcile147@test.com,TXN_00124,ITM_120,11/10/2023,466.18,PENDING,PENDING,PREMIUM,SOUTH,FASHION,8,276.43,467.65,57.12,24.44,39.02,Additional processing required,2023-09-24T18:30:00.000Z
CLI_0338,Bob Wilson,reconcile148@test.com,TXN_00814,ITM_060,4/2/2023,321.21,COMPLETED,PENDING,PREMIUM,NORTH,BOOKS,9,229.55,753.23,80.00,20.93,61.69,,2023-12-21T18:30:00.000Z
CLI_0436,John Smith,reconcile149@test.com,TXN_00073,ITM_036,8/21/2023,209.11,COMPLETED,DELIVERED,VIP,EAST,ELECTRONICS,10,193.98,675.64,71.55,26.17,25.15,,2023-04-30T18:30:00.000Z
CLI_0493,John Smith,reconcile150@test.com,TXN_00847,ITM_044,9/27/2023,943.11,FAILED,PENDING,STANDARD,EAST,FASHION,9,230.99,490.34,36.88,5.43,10.83,,2023-06-09T18:30:00.000Z
CLI_0242,Jane Doe,reconcile151@test.com,TXN_00775,ITM_054,5/17/2023,786.29,FAILED,DELIVERED,VIP,NORTH,FASHION,9,276.39,723.76,49.17,29.20,62.86,,2023-06-06T18:30:00.000Z
CLI_0072,Bob Wilson,reconcile152@test.com,TXN_00932,ITM_051,2/26/2023,939.74,FAILED,DELIVERED,VIP,NORTH,BOOKS,8,261.30,351.26,71.35,29.98,59.19,,2023-07-18T18:30:00.000Z
CLI_0201,Alice Johnson,reconcile153@test.com,TXN_00399,ITM_113,7/15/2023,715.69,COMPLETED,PENDING,STANDARD,NORTH,BOOKS,7,28.59,757.62,27.62,20.58,64.62,,2023-09-04T18:30:00.000Z
CLI_0183,John Smith,reconcile154@test.com,TXN_00029,ITM_172,5/17/2023,84.41,FAILED,PENDING,PREMIUM,SOUTH,FASHION,7,56.35,191.66,71.50,13.30,27.30,,2023-05-13T18:30:00.000Z
CLI_0070,Alice Johnson,reconcile155@test.com,TXN_00039,ITM_011,7/12/2023,606.64,PENDING,IN_TRANSIT,VIP,EAST,HOME,7,167.37,158.17,65.86,16.60,34.74,,2023-04-17T18:30:00.000Z
CLI_0060,John Smith,reconcile156@test.com,TXN_00069,ITM_101,11/6/2023,255.02,FAILED,PENDING,VIP,EAST,HOME,5,212.80,242.55,70.47,16.44,61.31,,2023-02-02T18:30:00.000Z
CLI_0414,John Smith,reconcile157@test.com,TXN_00524,ITM_107,1/24/2023,120.69,FAILED,DELIVERED,STANDARD,SOUTH,BOOKS,6,198.56,646.03,23.36,15.53,53.67,Additional processing required,2023-09-21T18:30:00.000Z
CLI_0454,Jane Doe,reconcile158@test.com,TXN_00737,ITM_167,7/9/2023,714.82,COMPLETED,DELIVERED,PREMIUM,WEST,BOOKS,9,251.02,199.21,14.12,18.32,54.87,Additional processing required,2023-12-27T18:30:00.000Z
CLI_0491,Jane Doe,reconcile159@test.com,TXN_00631,ITM_050,2/18/2023,495.99,PENDING,IN_TRANSIT,STANDARD,WEST,BOOKS,8,250.13,409.35,7.96,10.76,27.72,,2023-11-12T18:30:00.000Z
CLI_0393,Jane Doe,reconcile160@test.com,TXN_00428,ITM_032,11/24/2023,608.28,FAILED,DELIVERED,VIP,WEST,FASHION,8,130.86,150.52,61.94,19.86,29.11,,2023-06-23T18:30:00.000Z
CLI_0161,Jane Doe,reconcile161@test.com,TXN_00963,ITM_120,12/26/2023,679.10,FAILED,DELIVERED,PREMIUM,NORTH,BOOKS,7,132.54,410.09,61.99,19.43,37.56,Additional processing required,2023-10-14T18:30:00.000Z
CLI_0465,Jane Doe,reconcile162@test.com,TXN_00433,ITM_162,3/1/2023,209.64,FAILED,IN_TRANSIT,VIP,WEST,ELECTRONICS,9,271.80,804.21,0.30,15.39,59.09,Additional processing required,2023-04-16T18:30:00.000Z
CLI_0199,Alice Johnson,reconcile163@test.com,TXN_00449,ITM_093,4/6/2023,377.55,COMPLETED,DELIVERED,STANDARD,EAST,FASHION,9,301.82,679.47,20.23,13.24,40.47,,2023-05-26T18:30:00.000Z
CLI_0084,Bob Wilson,reconcile164@test.com,TXN_00737,ITM_110,8/10/2023,512.88,PENDING,IN_TRANSIT,PREMIUM,EAST,BOOKS,3,212.50,398.37,19.11,9.56,22.54,,2023-11-26T18:30:00.000Z
CLI_0178,Bob Wilson,reconcile165@test.com,TXN_00911,ITM_078,11/21/2023,938.31,FAILED,PENDING,PREMIUM,WEST,BOOKS,2,186.90,202.04,57.96,24.21,15.73,,2023-12-26T18:30:00.000Z
CLI_0256,John Smith,reconcile166@test.com,TXN_00177,ITM_156,3/12/2023,1046.98,FAILED,PENDING,STANDARD,WEST,BOOKS,7,165.60,704.44,68.21,15.69,37.76,Additional processing required,2023-11-12T18:30:00.000Z
CLI_0199,John Smith,reconcile167@test.com,TXN_00779,ITM_170,12/3/2023,926.20,COMPLETED,IN_TRANSIT,STANDARD,WEST,HOME,1,251.79,268.14,21.50,20.61,52.72,,2023-01-21T18:30:00.000Z
CLI_0329,John Smith,reconcile168@test.com,TXN_00332,ITM_157,11/9/2023,441.91,PENDING,IN_TRANSIT,PREMIUM,SOUTH,BOOKS,6,233.12,438.55,63.07,21.13,8.81,,2023-02-11T18:30:00.000Z
CLI_0039,John Smith,reconcile169@test.com,TXN_00979,ITM_141,7/9/2023,731.92,COMPLETED,DELIVERED,STANDARD,WEST,FASHION,3,269.42,768.55,79.58,10.94,36.67,,2023-09-20T18:30:00.000Z
CLI_0202,John Smith,reconcile170@test.com,TXN_00888,ITM_189,10/10/2023,724.04,PENDING,DELIVERED,STANDARD,NORTH,BOOKS,6,214.31,349.12,90.26,16.42,24.94,Additional processing required,2023-12-05T18:30:00.000Z
CLI_0096,Alice Johnson,reconcile171@test.com,TXN_00110,ITM_081,5/3/2023,420.24,PENDING,IN_TRANSIT,VIP,WEST,HOME,2,106.92,559.96,26.60,5.02,7.44,Additional processing required,2023-06-25T18:30:00.000Z
CLI_0334,Alice Johnson,reconcile172@test.com,TXN_00774,ITM_083,7/18/2023,787.55,COMPLETED,DELIVERED,STANDARD,WEST,HOME,6,249.73,806.27,36.54,28.06,49.11,,2023-05-11T18:30:00.000Z
CLI_0298,Bob Wilson,reconcile173@test.com,TXN_00391,ITM_103,3/12/2023,611.46,FAILED,DELIVERED,VIP,WEST,FASHION,5,99.06,822.10,54.24,13.04,25.60,,2023-11-01T18:30:00.000Z
CLI_0279,Jane Doe,reconcile174@test.com,TXN_00561,ITM_068,3/9/2023,559.08,PENDING,PENDING,PREMIUM,EAST,BOOKS,9,226.38,145.69,69.13,8.71,6.51,,2023-06-05T18:30:00.000Z
CLI_0111,John Smith,reconcile175@test.com,TXN_00077,ITM_152,2/16/2023,233.49,FAILED,DELIVERED,PREMIUM,SOUTH,ELECTRONICS,7,75.98,552.49,61.19,24.61,30.86,Additional processing required,2023-01-07T18:30:00.000Z
CLI_0011,John Smith,reconcile176@test.com,TXN_00857,ITM_008,9/19/2023,202.42,PENDING,DELIVERED,VIP,SOUTH,FASHION,2,26.77,393.33,69.79,26.76,59.27,,2023-02-01T18:30:00.000Z
CLI_0005,Jane Doe,reconcile177@test.com,TXN_00192,ITM_028,6/28/2023,89.85,PENDING,IN_TRANSIT,PREMIUM,SOUTH,HOME,9,155.05,703.34,39.67,26.41,49.77,,2023-06-24T18:30:00.000Z
CLI_0082,Bob Wilson,reconcile178@test.com,TXN_00127,ITM_107,6/28/2023,906.09,COMPLETED,DELIVERED,PREMIUM,WEST,BOOKS,8,179.96,759.08,22.54,7.32,5.48,,2023-04-18T18:30:00.000Z
CLI_0005,Jane Doe,reconcile179@test.com,TXN_00978,ITM_054,10/1/2023,669.48,PENDING,PENDING,VIP,WEST,ELECTRONICS,9,185.45,197.01,93.80,7.58,56.02,,2023-06-23T18:30:00.000Z
CLI_0107,Jane Doe,reconcile180@test.com,TXN_00879,ITM_008,12/26/2023,616.22,PENDING,PENDING,VIP,SOUTH,BOOKS,9,129.23,798.66,25.27,26.91,56.98,Additional processing required,2023-09-08T18:30:00.000Z
CLI_0374,Jane Doe,reconcile181@test.com,TXN_00590,ITM_076,8/8/2023,206.69,PENDING,PENDING,VIP,SOUTH,BOOKS,6,53.76,721.21,61.68,9.74,44.68,,2023-11-04T18:30:00.000Z
CLI_0086,Jane Doe,reconcile182@test.com,TXN_00359,ITM_166,3/10/2023,850.51,COMPLETED,DELIVERED,VIP,SOUTH,ELECTRONICS,5,183.93,747.53,53.93,28.19,51.26,,2023-09-14T18:30:00.000Z
CLI_0016,Alice Johnson,reconcile183@test.com,TXN_00579,ITM_162,9/14/2023,939.70,FAILED,PENDING,STANDARD,WEST,BOOKS,5,85.89,186.93,25.20,29.89,33.47,,2023-09-25T18:30:00.000Z
CLI_0017,John Smith,reconcile184@test.com,TXN_00915,ITM_129,3/6/2023,967.05,COMPLETED,DELIVERED,VIP,WEST,HOME,8,77.71,335.69,33.45,25.39,10.35,,2023-02-02T18:30:00.000Z
CLI_0077,Alice Johnson,reconcile185@test.com,TXN_00408,ITM_056,5/7/2023,543.88,PENDING,IN_TRANSIT,STANDARD,SOUTH,FASHION,5,168.37,182.69,70.61,18.76,35.04,Additional processing required,2023-10-27T18:30:00.000Z
CLI_0233,Jane Doe,reconcile186@test.com,TXN_00254,ITM_046,7/15/2023,824.20,PENDING,DELIVERED,PREMIUM,EAST,HOME,7,256.13,551.82,20.46,9.36,52.80,,2023-12-06T18:30:00.000Z
CLI_0497,Bob Wilson,reconcile187@test.com,TXN_00795,ITM_143,7/8/2023,390.78,PENDING,PENDING,STANDARD,EAST,FASHION,3,72.69,412.94,43.99,22.96,14.65,,2023-07-24T18:30:00.000Z
CLI_0127,Alice Johnson,reconcile188@test.com,TXN_00289,ITM_098,10/16/2023,767.63,FAILED,PENDING,STANDARD,EAST,ELECTRONICS,3,291.34,185.77,2.97,14.54,7.13,Additional processing required,2023-12-19T18:30:00.000Z
CLI_0016,Alice Johnson,reconcile189@test.com,TXN_00066,ITM_026,8/12/2023,819.70,PENDING,DELIVERED,STANDARD,SOUTH,FASHION,9,270.60,296.82,41.75,27.02,43.16,Additional processing required,2023-07-01T18:30:00.000Z
CLI_0045,Jane Doe,reconcile190@test.com,TXN_00492,ITM_017,7/14/2023,804.56,FAILED,DELIVERED,VIP,SOUTH,ELECTRONICS,5,142.64,258.14,59.23,19.19,61.72,,2023-09-09T18:30:00.000Z
CLI_0128,John Smith,reconcile191@test.com,TXN_00251,ITM_164,9/2/2023,576.63,PENDING,IN_TRANSIT,VIP,NORTH,BOOKS,9,61.92,543.31,35.97,20.20,6.18,,2023-09-17T18:30:00.000Z
CLI_0060,Bob Wilson,reconcile192@test.com,TXN_00982,ITM_143,11/28/2023,624.84,PENDING,PENDING,PREMIUM,NORTH,ELECTRONICS,9,95.16,122.69,69.92,28.64,54.70,,2023-03-01T18:30:00.000Z
CLI_0243,Bob Wilson,reconcile193@test.com,TXN_00610,ITM_182,11/6/2023,84.19,PENDING,DELIVERED,PREMIUM,EAST,HOME,2,110.92,684.56,13.67,16.97,9.16,,2023-02-16T18:30:00.000Z
CLI_0206,Jane Doe,reconcile194@test.com,TXN_00431,ITM_059,6/15/2023,457.65,PENDING,IN_TRANSIT,STANDARD,EAST,BOOKS,10,158.44,684.16,23.76,16.83,18.41,Additional processing required,2023-07-06T18:30:00.000Z
CLI_0308,Jane Doe,reconcile195@test.com,TXN_00058,ITM_169,3/20/2023,146.93,PENDING,DELIVERED,STANDARD,WEST,HOME,8,29.01,772.27,72.21,29.95,47.88,,2023-08-05T18:30:00.000Z
CLI_0370,Alice Johnson,reconcile196@test.com,TXN_00855,ITM_157,12/5/2023,713.92,FAILED,PENDING,PREMIUM,EAST,ELECTRONICS,2,52.53,771.40,98.03,24.30,62.08,Additional processing required,2023-12-08T18:30:00.000Z
CLI_0107,Jane Doe,reconcile197@test.com,TXN_00535,ITM_162,4/16/2023,178.25,FAILED,PENDING,VIP,NORTH,FASHION,5,43.36,412.53,49.25,15.49,49.57,,2023-08-10T18:30:00.000Z
CLI_0116,Jane Doe,reconcile198@test.com,TXN_00436,ITM_005,10/19/2023,735.20,COMPLETED,DELIVERED,PREMIUM,WEST,ELECTRONICS,4,301.36,298.75,26.09,17.85,57.27,,2023-04-26T18:30:00.000Z
CLI_0009,Alice Johnson,reconcile199@test.com,TXN_00401,ITM_170,5/16/2023,535.62,COMPLETED,IN_TRANSIT,VIP,SOUTH,FASHION,5,138.61,696.06,0.41,19.68,63.37,Additional processing required,2023-03-21T18:30:00.000Z
CLI_0436,John Smith,reconcile200@test.com,TXN_00568,ITM_063,4/26/2023,487.10,FAILED,DELIVERED,PREMIUM,SOUTH,ELECTRONICS,4,65.74,524.48,54.41,19.75,53.27,Additional processing required,2023-01-09T18:30:00.000Z
CLI_0479,Bob Wilson,reconcile201@test.com,TXN_00605,ITM_064,11/16/2023,468.95,PENDING,DELIVERED,PREMIUM,EAST,ELECTRONICS,5,194.83,649.05,31.14,15.04,26.04,Additional processing required,2023-02-24T18:30:00.000Z
CLI_0479,Jane Doe,reconcile202@test.com,TXN_00088,ITM_159,6/28/2023,179.80,FAILED,DELIVERED,STANDARD,EAST,ELECTRONICS,1,245.84,397.16,76.37,11.24,49.35,Additional processing required,2023-08-21T18:30:00.000Z
CLI_0038,Jane Doe,reconcile203@test.com,TXN_00723,ITM_046,5/25/2023,649.34,PENDING,DELIVERED,PREMIUM,SOUTH,BOOKS,7,198.01,434.70,27.39,25.31,57.79,,2023-10-05T18:30:00.000Z
CLI_0305,Bob Wilson,reconcile204@test.com,TXN_00323,ITM_199,6/19/2023,976.69,COMPLETED,PENDING,VIP,WEST,FASHION,9,28.87,399.18,43.21,9.19,34.39,,2023-08-23T18:30:00.000Z
CLI_0450,Bob Wilson,reconcile205@test.com,TXN_00587,ITM_072,1/26/2023,418.34,FAILED,DELIVERED,PREMIUM,NORTH,FASHION,8,284.15,688.71,68.75,15.37,21.13,Additional processing required,2023-01-05T18:30:00.000Z
CLI_0292,John Smith,reconcile206@test.com,TXN_00764,ITM_075,5/15/2023,723.42,PENDING,IN_TRANSIT,STANDARD,WEST,ELECTRONICS,8,277.17,680.86,95.84,5.48,35.75,,2023-02-04T18:30:00.000Z
CLI_0218,Bob Wilson,reconcile207@test.com,TXN_00149,ITM_165,9/6/2023,937.76,FAILED,PENDING,STANDARD,EAST,BOOKS,6,229.13,650.60,64.01,6.84,31.89,Additional processing required,2023-05-15T18:30:00.000Z
CLI_0204,Bob Wilson,reconcile208@test.com,TXN_00474,ITM_075,9/17/2023,781.55,PENDING,IN_TRANSIT,PREMIUM,SOUTH,FASHION,2,21.02,857.41,8.27,19.72,15.56,,2023-07-13T18:30:00.000Z
CLI_0382,Alice Johnson,reconcile209@test.com,TXN_00616,ITM_079,10/9/2023,904.11,PENDING,PENDING,PREMIUM,NORTH,BOOKS,7,21.17,534.50,53.78,26.45,61.64,,2023-04-12T18:30:00.000Z
CLI_0251,Jane Doe,reconcile210@test.com,TXN_00156,ITM_041,3/5/2023,987.76,COMPLETED,IN_TRANSIT,PREMIUM,NORTH,FASHION,5,71.14,101.76,15.93,27.42,56.75,,2023-04-15T18:30:00.000Z
CLI_0274,Alice Johnson,reconcile211@test.com,TXN_00958,ITM_030,5/12/2023,941.14,PENDING,IN_TRANSIT,STANDARD,WEST,BOOKS,5,261.40,350.97,47.65,16.32,53.25,,2023-04-06T18:30:00.000Z
CLI_0092,John Smith,reconcile212@test.com,TXN_00279,ITM_163,5/26/2023,76.93,COMPLETED,IN_TRANSIT,VIP,SOUTH,FASHION,8,189.94,325.80,4.09,25.96,63.03,,2023-05-04T18:30:00.000Z
CLI_0293,Jane Doe,reconcile213@test.com,TXN_00167,ITM_090,9/4/2023,779.58,COMPLETED,PENDING,VIP,WEST,ELECTRONICS,3,142.95,653.46,67.10,10.29,43.69,,2023-09-07T18:30:00.000Z
CLI_0038,Alice Johnson,reconcile214@test.com,TXN_00164,ITM_050,9/20/2023,613.64,FAILED,IN_TRANSIT,PREMIUM,EAST,FASHION,4,200.22,745.37,35.42,13.82,40.38,,2023-12-27T18:30:00.000Z
CLI_0340,Alice Johnson,reconcile215@test.com,TXN_00786,ITM_137,9/4/2023,848.17,PENDING,IN_TRANSIT,PREMIUM,SOUTH,ELECTRONICS,8,36.17,431.57,34.14,18.14,22.50,Additional processing required,2023-12-05T18:30:00.000Z
CLI_0203,John Smith,reconcile216@test.com,TXN_00012,ITM_077,8/14/2023,651.03,COMPLETED,DELIVERED,VIP,NORTH,ELECTRONICS,1,154.35,157.43,66.60,20.79,29.75,,2023-06-09T18:30:00.000Z
CLI_0350,John Smith,reconcile217@test.com,TXN_00471,ITM_007,11/13/2023,257.71,COMPLETED,IN_TRANSIT,VIP,WEST,FASHION,6,200.64,595.71,78.97,20.96,10.63,,2023-10-10T18:30:00.000Z
CLI_0400,John Smith,reconcile218@test.com,TXN_00096,ITM_093,4/9/2023,904.87,COMPLETED,IN_TRANSIT,STANDARD,NORTH,BOOKS,1,261.74,307.99,9.37,23.85,17.07,,2023-02-07T18:30:00.000Z
CLI_0454,Bob Wilson,reconcile219@test.com,TXN_00218,ITM_023,12/11/2023,472.52,FAILED,DELIVERED,STANDARD,EAST,FASHION,2,208.17,454.93,44.74,7.42,41.09,,2023-07-26T18:30:00.000Z
CLI_0130,John Smith,reconcile220@test.com,TXN_00389,ITM_055,10/6/2023,953.50,COMPLETED,PENDING,VIP,SOUTH,BOOKS,6,133.94,243.99,60.55,24.27,8.18,,2023-01-14T18:30:00.000Z
CLI_0240,Bob Wilson,reconcile221@test.com,TXN_00475,ITM_056,9/18/2023,776.86,FAILED,IN_TRANSIT,PREMIUM,EAST,ELECTRONICS,9,290.05,820.32,65.41,18.17,18.02,Additional processing required,2023-07-07T18:30:00.000Z
CLI_0062,Bob Wilson,reconcile222@test.com,TXN_00115,ITM_026,2/8/2023,185.20,COMPLETED,IN_TRANSIT,PREMIUM,EAST,HOME,10,235.25,474.27,67.23,25.93,40.60,,2023-01-02T18:30:00.000Z
CLI_0487,John Smith,reconcile223@test.com,TXN_00001,ITM_068,3/11/2023,270.05,PENDING,PENDING,PREMIUM,NORTH,BOOKS,9,239.88,773.88,36.39,13.20,16.38,Additional processing required,2023-06-24T18:30:00.000Z
CLI_0163,Jane Doe,reconcile224@test.com,TXN_00914,ITM_036,1/2/2023,600.75,PENDING,PENDING,PREMIUM,NORTH,HOME,4,87.14,174.54,24.25,28.41,20.11,,2023-08-07T18:30:00.000Z
CLI_0352,Bob Wilson,reconcile225@test.com,TXN_00164,ITM_031,7/13/2023,657.95,COMPLETED,PENDING,PREMIUM,WEST,BOOKS,2,37.67,720.54,83.17,11.22,9.31,,2023-10-12T18:30:00.000Z
CLI_0200,Alice Johnson,reconcile226@test.com,TXN_00238,ITM_065,11/21/2023,1025.94,COMPLETED,IN_TRANSIT,VIP,SOUTH,FASHION,3,174.73,363.62,94.00,14.58,15.94,,2023-03-31T18:30:00.000Z
CLI_0360,Jane Doe,reconcile227@test.com,TXN_00759,ITM_099,6/22/2023,637.45,FAILED,DELIVERED,STANDARD,WEST,FASHION,3,197.28,820.02,23.53,13.49,12.96,,2023-01-13T18:30:00.000Z
CLI_0264,Alice Johnson,reconcile228@test.com,TXN_00281,ITM_122,2/14/2023,234.13,PENDING,IN_TRANSIT,VIP,SOUTH,ELECTRONICS,2,91.73,477.83,77.71,18.27,42.27,,2023-06-13T18:30:00.000Z
CLI_0073,Jane Doe,reconcile229@test.com,TXN_00072,ITM_117,12/23/2023,754.99,PENDING,PENDING,STANDARD,SOUTH,ELECTRONICS,2,49.57,110.90,98.01,9.19,35.23,,2023-03-18T18:30:00.000Z
CLI_0470,Bob Wilson,reconcile230@test.com,TXN_00238,ITM_162,4/6/2023,267.56,FAILED,PENDING,VIP,WEST,FASHION,3,211.17,687.95,36.83,7.03,55.54,,2023-01-15T18:30:00.000Z
CLI_0261,John Smith,reconcile231@test.com,TXN_00537,ITM_055,10/4/2023,502.08,FAILED,IN_TRANSIT,STANDARD,WEST,BOOKS,8,86.81,731.40,38.73,25.61,38.59,,2023-07-23T18:30:00.000Z
CLI_0112,John Smith,reconcile232@test.com,TXN_00546,ITM_156,1/8/2023,719.97,COMPLETED,IN_TRANSIT,VIP,WEST,FASHION,6,15.12,289.14,94.16,15.69,51.88,,2023-06-02T18:30:00.000Z
CLI_0036,Bob Wilson,reconcile233@test.com,TXN_00622,ITM_192,1/17/2023,445.82,PENDING,DELIVERED,STANDARD,NORTH,FASHION,4,233.34,787.75,95.27,9.40,21.25,Additional processing required,2023-03-23T18:30:00.000Z
CLI_0241,Jane Doe,reconcile234@test.com,TXN_00093,ITM_036,12/7/2023,919.88,COMPLETED,PENDING,STANDARD,EAST,HOME,2,132.75,781.20,32.61,18.79,12.78,,2023-02-19T18:30:00.000Z
CLI_0309,Alice Johnson,reconcile235@test.com,TXN_00084,ITM_034,12/24/2023,193.53,FAILED,DELIVERED,PREMIUM,EAST,ELECTRONICS,5,287.82,441.73,93.05,29.60,29.11,,2023-02-15T18:30:00.000Z
CLI_0428,Jane Doe,reconcile236@test.com,TXN_00323,ITM_102,7/3/2023,364.75,COMPLETED,IN_TRANSIT,STANDARD,NORTH,FASHION,1,202.74,828.07,45.19,29.68,27.11,,2023-05-20T18:30:00.000Z
CLI_0412,Bob Wilson,reconcile237@test.com,TXN_00317,ITM_011,1/11/2023,383.24,PENDING,PENDING,STANDARD,WEST,HOME,8,19.95,503.69,99.61,18.63,49.27,,2023-04-16T18:30:00.000Z
CLI_0266,John Smith,reconcile238@test.com,TXN_00686,ITM_039,4/18/2023,672.36,FAILED,DELIVERED,VIP,NORTH,FASHION,10,288.30,360.73,68.90,10.28,43.97,,2023-03-11T18:30:00.000Z
CLI_0070,Alice Johnson,reconcile239@test.com,TXN_00581,ITM_157,9/6/2023,731.16,FAILED,PENDING,PREMIUM,EAST,ELECTRONICS,10,69.35,407.62,94.36,14.66,6.44,Additional processing required,2023-12-08T18:30:00.000Z
CLI_0098,Alice Johnson,reconcile240@test.com,TXN_00229,ITM_192,4/1/2023,518.35,COMPLETED,PENDING,VIP,EAST,BOOKS,1,152.30,528.43,33.01,20.67,41.43,,2023-11-12T18:30:00.000Z
CLI_0284,John Smith,reconcile241@test.com,TXN_00056,ITM_098,11/13/2023,982.27,COMPLETED,DELIVERED,PREMIUM,NORTH,FASHION,1,169.19,410.83,66.72,13.56,15.71,,2023-03-10T18:30:00.000Z
CLI_0017,Bob Wilson,reconcile242@test.com,TXN_00268,ITM_159,3/20/2023,140.79,FAILED,IN_TRANSIT,VIP,SOUTH,HOME,5,240.95,668.08,66.09,15.65,25.10,,2023-12-20T18:30:00.000Z
CLI_0149,John Smith,reconcile243@test.com,TXN_00595,ITM_136,9/24/2023,467.29,FAILED,IN_TRANSIT,STANDARD,SOUTH,HOME,9,213.22,443.18,42.74,24.43,10.17,,2023-01-10T18:30:00.000Z
CLI_0342,Alice Johnson,reconcile244@test.com,TXN_00159,ITM_195,2/18/2023,313.60,FAILED,DELIVERED,VIP,WEST,FASHION,7,102.25,514.99,43.77,13.72,16.64,Additional processing required,2023-12-18T18:30:00.000Z
CLI_0481,Alice Johnson,reconcile245@test.com,TXN_00057,ITM_088,5/22/2023,617.06,PENDING,IN_TRANSIT,VIP,SOUTH,HOME,3,11.47,132.37,52.71,15.99,32.70,Additional processing required,2023-09-19T18:30:00.000Z
CLI_0468,Jane Doe,reconcile246@test.com,TXN_00555,ITM_114,7/2/2023,510.46,COMPLETED,IN_TRANSIT,PREMIUM,EAST,FASHION,8,104.30,275.50,50.16,21.02,32.53,,2023-12-10T18:30:00.000Z
CLI_0374,Bob Wilson,reconcile247@test.com,TXN_00479,ITM_005,12/8/2023,1013.79,PENDING,PENDING,VIP,NORTH,BOOKS,7,212.79,246.38,17.42,20.39,52.57,,2023-02-28T18:30:00.000Z
CLI_0119,John Smith,reconcile248@test.com,TXN_00877,ITM_083,4/3/2023,512.38,PENDING,DELIVERED,VIP,SOUTH,ELECTRONICS,7,32.85,603.27,43.12,24.91,44.48,,2023-03-24T18:30:00.000Z
CLI_0378,Alice Johnson,reconcile249@test.com,TXN_00350,ITM_117,6/20/2023,943.10,PENDING,DELIVERED,VIP,SOUTH,FASHION,3,168.20,227.06,20.83,16.25,44.76,,2023-07-11T18:30:00.000Z
CLI_0372,Bob Wilson,reconcile250@test.com,TXN_00704,ITM_144,4/12/2023,905.52,PENDING,DELIVERED,VIP,NORTH,FASHION,6,43.34,833.78,49.12,16.18,50.47,,2023-06-11T18:30:00.000Z
CLI_0466,Alice Johnson,reconcile251@test.com,TXN_00320,ITM_026,2/6/2023,501.88,FAILED,DELIVERED,VIP,SOUTH,FASHION,1,176.39,352.49,28.49,13.70,62.59,,2023-07-12T18:30:00.000Z
CLI_0031,Jane Doe,reconcile252@test.com,TXN_00844,ITM_065,3/15/2023,984.84,PENDING,PENDING,PREMIUM,SOUTH,BOOKS,9,63.94,145.41,1.10,15.15,28.64,,2023-09-01T18:30:00.000Z
CLI_0010,Jane Doe,reconcile253@test.com,TXN_00361,ITM_139,4/3/2023,370.03,COMPLETED,IN_TRANSIT,PREMIUM,SOUTH,ELECTRONICS,1,255.51,476.45,88.07,15.64,11.92,Additional processing required,2023-09-22T18:30:00.000Z
CLI_0494,John Smith,reconcile254@test.com,TXN_00515,ITM_117,4/5/2023,366.51,FAILED,DELIVERED,PREMIUM,NORTH,ELECTRONICS,7,126.28,452.05,30.67,8.15,46.99,,2023-06-09T18:30:00.000Z
CLI_0373,John Smith,reconcile255@test.com,TXN_00660,ITM_063,1/8/2023,613.89,PENDING,PENDING,PREMIUM,SOUTH,HOME,3,252.33,609.65,46.53,20.84,34.23,,2023-11-12T18:30:00.000Z
CLI_0326,Alice Johnson,reconcile256@test.com,TXN_00782,ITM_004,6/26/2023,247.48,COMPLETED,PENDING,STANDARD,SOUTH,HOME,3,234.05,738.88,68.68,20.80,21.83,,2023-08-15T18:30:00.000Z
CLI_0130,Jane Doe,reconcile257@test.com,TXN_00050,ITM_155,5/14/2023,182.24,FAILED,IN_TRANSIT,PREMIUM,SOUTH,FASHION,2,288.83,378.10,21.35,27.91,5.32,,2023-11-27T18:30:00.000Z
CLI_0167,John Smith,reconcile258@test.com,TXN_00834,ITM_095,6/14/2023,600.66,COMPLETED,IN_TRANSIT,PREMIUM,EAST,HOME,6,141.04,597.36,71.45,14.46,44.02,,2023-08-02T18:30:00.000Z
CLI_0126,John Smith,reconcile259@test.com,TXN_00621,ITM_073,3/20/2023,97.13,COMPLETED,PENDING,PREMIUM,WEST,FASHION,1,98.52,544.46,19.27,18.11,40.72,,2023-11-08T18:30:00.000Z
CLI_0351,John Smith,reconcile260@test.com,TXN_00048,ITM_047,9/9/2023,115.66,COMPLETED,DELIVERED,STANDARD,SOUTH,ELECTRONICS,2,99.03,890.36,91.53,15.33,17.72,Additional processing required,2023-07-27T18:30:00.000Z
CLI_0355,Bob Wilson,reconcile261@test.com,TXN_00214,ITM_043,6/22/2023,436.12,FAILED,DELIVERED,PREMIUM,NORTH,HOME,9,132.45,386.82,62.37,24.41,34.15,,2023-02-15T18:30:00.000Z
CLI_0050,Bob Wilson,reconcile262@test.com,TXN_00430,ITM_095,9/14/2023,707.76,FAILED,PENDING,STANDARD,EAST,HOME,10,268.11,764.46,47.95,9.51,23.51,Additional processing required,2023-08-14T18:30:00.000Z
CLI_0385,Bob Wilson,reconcile263@test.com,TXN_00260,ITM_026,7/22/2023,577.05,FAILED,DELIVERED,PREMIUM,SOUTH,HOME,10,85.70,357.75,13.67,26.42,47.17,,2023-04-04T18:30:00.000Z
CLI_0158,Bob Wilson,reconcile264@test.com,TXN_00705,ITM_116,3/6/2023,221.01,FAILED,IN_TRANSIT,STANDARD,EAST,BOOKS,3,28.40,184.74,79.97,7.07,10.58,Additional processing required,2023-07-13T18:30:00.000Z
CLI_0091,Bob Wilson,reconcile265@test.com,TXN_00824,ITM_022,10/26/2023,207.12,FAILED,IN_TRANSIT,VIP,EAST,BOOKS,6,197.65,457.99,58.82,17.47,36.47,Additional processing required,2023-02-19T18:30:00.000Z
CLI_0026,Jane Doe,reconcile266@test.com,TXN_00399,ITM_080,9/11/2023,868.04,FAILED,DELIVERED,PREMIUM,NORTH,ELECTRONICS,5,263.88,872.26,19.83,16.51,63.03,,2023-04-18T18:30:00.000Z
CLI_0141,Alice Johnson,reconcile267@test.com,TXN_00212,ITM_025,5/1/2023,140.83,PENDING,PENDING,STANDARD,NORTH,ELECTRONICS,5,170.70,750.59,15.76,22.88,9.12,Additional processing required,2023-12-23T18:30:00.000Z
CLI_0294,Bob Wilson,reconcile268@test.com,TXN_00057,ITM_087,10/26/2023,390.63,COMPLETED,IN_TRANSIT,PREMIUM,EAST,HOME,5,200.33,467.81,93.84,24.89,41.13,,2023-07-21T18:30:00.000Z
CLI_0397,John Smith,reconcile269@test.com,TXN_00018,ITM_069,2/26/2023,629.94,COMPLETED,DELIVERED,STANDARD,WEST,HOME,8,98.39,438.17,14.31,20.59,59.86,,2023-01-22T18:30:00.000Z
CLI_0367,Jane Doe,reconcile270@test.com,TXN_00210,ITM_092,11/13/2023,1016.11,PENDING,PENDING,PREMIUM,NORTH,FASHION,6,199.61,353.64,80.43,28.20,53.62,Additional processing required,2023-05-10T18:30:00.000Z
CLI_0205,Jane Doe,reconcile271@test.com,TXN_00172,ITM_025,11/20/2023,216.74,FAILED,DELIVERED,STANDARD,WEST,HOME,6,94.35,333.29,70.85,29.28,19.53,,2023-09-27T18:30:00.000Z
CLI_0385,Jane Doe,reconcile272@test.com,TXN_00332,ITM_021,9/14/2023,748.52,FAILED,IN_TRANSIT,STANDARD,SOUTH,ELECTRONICS,3,260.88,787.07,46.95,24.49,59.82,Additional processing required,2023-04-17T18:30:00.000Z
CLI_0077,John Smith,reconcile273@test.com,TXN_00636,ITM_092,2/25/2023,414.69,PENDING,DELIVERED,VIP,SOUTH,ELECTRONICS,3,107.81,289.10,91.23,23.30,21.60,,2023-04-15T18:30:00.000Z
CLI_0460,Alice Johnson,reconcile274@test.com,TXN_00523,ITM_095,12/4/2023,930.93,COMPLETED,DELIVERED,STANDARD,SOUTH,BOOKS,6,112.70,140.96,83.60,25.87,25.84,,2023-01-05T18:30:00.000Z
CLI_0266,John Smith,reconcile275@test.com,TXN_00404,ITM_070,9/8/2023,241.53,PENDING,PENDING,VIP,SOUTH,FASHION,6,221.21,735.90,25.98,9.89,49.90,Additional processing required,2023-10-12T18:30:00.000Z
CLI_0129,Alice Johnson,reconcile276@test.com,TXN_00793,ITM_020,10/20/2023,617.12,PENDING,IN_TRANSIT,PREMIUM,SOUTH,FASHION,3,232.08,518.64,53.60,17.34,19.03,,2023-01-14T18:30:00.000Z
CLI_0462,Alice Johnson,reconcile277@test.com,TXN_00845,ITM_106,1/13/2023,1018.38,FAILED,DELIVERED,VIP,EAST,ELECTRONICS,6,289.19,742.44,41.67,26.50,60.04,,2023-08-01T18:30:00.000Z
CLI_0391,Alice Johnson,reconcile278@test.com,TXN_00096,ITM_015,6/26/2023,973.63,FAILED,DELIVERED,VIP,SOUTH,ELECTRONICS,2,61.27,291.04,35.56,17.29,16.49,,2023-12-25T18:30:00.000Z
CLI_0180,Bob Wilson,reconcile279@test.com,TXN_00755,ITM_169,3/19/2023,933.82,PENDING,DELIVERED,PREMIUM,EAST,ELECTRONICS,4,245.40,760.88,59.44,26.57,31.73,Additional processing required,2023-03-08T18:30:00.000Z
CLI_0123,John Smith,reconcile280@test.com,TXN_00520,ITM_063,8/3/2023,517.43,PENDING,PENDING,PREMIUM,EAST,HOME,2,186.61,897.71,47.23,26.73,58.70,,2023-01-24T18:30:00.000Z
CLI_0493,Bob Wilson,reconcile281@test.com,TXN_00824,ITM_107,11/24/2023,1017.55,PENDING,DELIVERED,VIP,EAST,FASHION,1,246.56,320.77,20.38,7.73,33.96,,2023-03-18T18:30:00.000Z
CLI_0018,Bob Wilson,reconcile282@test.com,TXN_00889,ITM_160,5/28/2023,777.41,FAILED,IN_TRANSIT,VIP,WEST,BOOKS,3,121.00,438.23,82.39,13.68,59.62,Additional processing required,2023-06-08T18:30:00.000Z
CLI_0223,Bob Wilson,reconcile283@test.com,TXN_00504,ITM_029,12/9/2023,570.75,FAILED,DELIVERED,VIP,SOUTH,BOOKS,2,221.69,303.72,19.86,24.99,10.66,Additional processing required,2023-08-03T18:30:00.000Z
CLI_0343,Alice Johnson,reconcile284@test.com,TXN_00173,ITM_101,3/5/2023,582.73,PENDING,DELIVERED,STANDARD,EAST,ELECTRONICS,8,58.83,608.07,87.23,26.73,40.42,,2023-09-05T18:30:00.000Z
CLI_0079,John Smith,reconcile285@test.com,TXN_00022,ITM_169,5/25/2023,604.87,FAILED,DELIVERED,VIP,EAST,BOOKS,4,40.95,706.46,85.31,12.17,51.36,Additional processing required,2023-07-11T18:30:00.000Z
CLI_0299,Bob Wilson,reconcile286@test.com,TXN_00385,ITM_090,2/9/2023,91.29,PENDING,IN_TRANSIT,VIP,NORTH,FASHION,6,193.93,589.02,97.37,9.37,37.39,Additional processing required,2023-05-09T18:30:00.000Z
CLI_0107,John Smith,reconcile287@test.com,TXN_00803,ITM_192,2/16/2023,304.17,COMPLETED,DELIVERED,STANDARD,EAST,FASHION,2,18.18,749.73,10.64,8.87,32.87,Additional processing required,2023-05-11T18:30:00.000Z
CLI_0154,John Smith,reconcile288@test.com,TXN_00259,ITM_128,4/24/2023,959.09,COMPLETED,IN_TRANSIT,STANDARD,SOUTH,ELECTRONICS,10,61.66,307.75,12.05,29.71,12.73,,2023-11-21T18:30:00.000Z
CLI_0316,Bob Wilson,reconcile289@test.com,TXN_00043,ITM_073,12/15/2023,953.38,COMPLETED,DELIVERED,PREMIUM,SOUTH,BOOKS,4,13.70,813.83,13.93,29.29,39.10,Additional processing required,2023-03-31T18:30:00.000Z
CLI_0447,Jane Doe,reconcile290@test.com,TXN_00673,ITM_139,2/6/2023,779.41,COMPLETED,PENDING,PREMIUM,SOUTH,FASHION,1,152.60,204.25,27.22,15.32,42.90,,2023-04-15T18:30:00.000Z
CLI_0171,John Smith,reconcile291@test.com,TXN_00824,ITM_157,11/1/2023,789.24,PENDING,IN_TRANSIT,PREMIUM,SOUTH,ELECTRONICS,7,250.17,303.71,2.01,9.39,47.48,Additional processing required,2023-06-21T18:30:00.000Z
CLI_0220,Alice Johnson,reconcile292@test.com,TXN_00249,ITM_195,2/8/2023,117.53,FAILED,DELIVERED,VIP,EAST,FASHION,8,108.22,802.48,6.26,28.01,62.38,Additional processing required,2023-12-23T18:30:00.000Z
CLI_0070,Bob Wilson,reconcile293@test.com,TXN_00146,ITM_169,3/2/2023,546.40,PENDING,IN_TRANSIT,STANDARD,WEST,ELECTRONICS,10,260.85,335.12,70.83,16.81,15.47,,2023-12-05T18:30:00.000Z
CLI_0312,Alice Johnson,reconcile294@test.com,TXN_00617,ITM_187,11/7/2023,573.73,PENDING,DELIVERED,VIP,SOUTH,ELECTRONICS,2,221.60,169.76,34.79,5.36,29.55,,2023-08-09T18:30:00.000Z
CLI_0061,Alice Johnson,reconcile295@test.com,TXN_00416,ITM_021,2/6/2023,789.34,COMPLETED,PENDING,VIP,NORTH,HOME,5,304.73,614.14,91.58,17.86,27.49,,2023-04-27T18:30:00.000Z
CLI_0325,John Smith,reconcile296@test.com,TXN_00927,ITM_130,4/10/2023,194.21,PENDING,DELIVERED,VIP,NORTH,BOOKS,7,219.02,244.82,82.20,27.29,31.10,,2023-02-09T18:30:00.000Z
CLI_0446,Bob Wilson,reconcile297@test.com,TXN_00028,ITM_044,6/14/2023,210.70,COMPLETED,IN_TRANSIT,VIP,EAST,ELECTRONICS,4,37.21,657.53,63.23,5.88,5.86,,2023-05-10T18:30:00.000Z
CLI_0483,Alice Johnson,reconcile298@test.com,TXN_00059,ITM_094,1/16/2023,329.58,PENDING,PENDING,PREMIUM,WEST,BOOKS,4,260.12,869.48,93.67,6.07,51.03,,2023-01-02T18:30:00.000Z
CLI_0079,Alice Johnson,reconcile299@test.com,TXN_00721,ITM_074,11/25/2023,806.76,COMPLETED,IN_TRANSIT,VIP,WEST,BOOKS,6,273.16,524.97,0.82,25.08,64.59,,2023-02-24T18:30:00.000Z
CLI_0482,Bob Wilson,reconcile300@test.com,TXN_00304,ITM_167,2/7/2023,547.91,FAILED,DELIVERED,PREMIUM,EAST,FASHION,5,75.81,498.76,24.62,10.64,17.18,,2023-06-17T18:30:00.000Z